{"cameraMode":{"drawMode":0,"name":"Shaded","section":"Shading Mode"},"sceneLighting":true,"audioPlay":false,"sceneViewState":{"showFog":true,"showMaterialUpdate":false,"showSkybox":true,"showFlares":true,"showImageEffects":true,"showParticleSystems":true},"in2DMode":false,"pivot":{"x":-3.0699386596679689,"y":2.1702938079833986,"z":5.140835762023926},"rotation":{"x":0.19102822244167329,"y":-0.7847681045532227,"z":0.29298099875450137,"w":0.5116820335388184},"size":11.917125701904297,"orthographic":false}