{"cameraMode":{"drawMode":0,"name":"Shaded","section":"Shading Mode"},"sceneLighting":false,"audioPlay":false,"sceneViewState":{"showFog":true,"showMaterialUpdate":false,"showSkybox":false,"showFlares":true,"showImageEffects":true,"showParticleSystems":true},"in2DMode":false,"pivot":{"x":28.120891571044923,"y":61.993316650390628,"z":-80.06111145019531},"rotation":{"x":-0.4355302155017853,"y":-0.34235650300979617,"z":0.18362760543823243,"w":-0.8120368123054504},"size":0.7328172922134399,"orthographic":false}