{"cameraMode":{"drawMode":0,"name":"Shaded","section":"Shading Mode"},"sceneLighting":true,"audioPlay":false,"sceneViewState":{"showFog":true,"showMaterialUpdate":false,"showSkybox":true,"showFlares":true,"showImageEffects":true,"showParticleSystems":true},"in2DMode":false,"pivot":{"x":14.603434562683106,"y":-0.8265676498413086,"z":10.14227294921875},"rotation":{"x":-0.3593718707561493,"y":-0.030780334025621415,"z":0.011862329207360745,"w":-0.9326242208480835},"size":4.085789680480957,"orthographic":false}