{"cameraMode":{"drawMode":0,"name":"Shaded","section":"Shading Mode"},"sceneLighting":true,"audioPlay":false,"sceneViewState":{"showFog":true,"showMaterialUpdate":false,"showSkybox":true,"showFlares":true,"showImageEffects":true,"showParticleSystems":true},"in2DMode":false,"pivot":{"x":17.635616302490236,"y":-1.4330995082855225,"z":-1.5404506921768189},"rotation":{"x":-0.3030887842178345,"y":-0.10578226298093796,"z":0.03387840837240219,"w":-0.9464807510375977},"size":4.4408674240112309,"orthographic":false}