{"cameraMode":{"drawMode":0,"name":"Shaded","section":"Shading Mode"},"sceneLighting":false,"audioPlay":false,"sceneViewState":{"showFog":true,"showMaterialUpdate":false,"showSkybox":false,"showFlares":true,"showImageEffects":true,"showParticleSystems":true},"in2DMode":false,"pivot":{"x":-11.483466148376465,"y":23.06999969482422,"z":-19.40999984741211},"rotation":{"x":-0.3593050539493561,"y":-0.16611993312835694,"z":0.06516183912754059,"w":-0.9160061478614807},"size":1.3941723108291627,"orthographic":false}