{"cameraMode":{"drawMode":0,"name":"Shaded","section":"Shading Mode"},"sceneLighting":false,"audioPlay":false,"sceneViewState":{"showFog":true,"showMaterialUpdate":false,"showSkybox":false,"showFlares":true,"showImageEffects":true,"showParticleSystems":true},"in2DMode":false,"pivot":{"x":4.374513149261475,"y":12.47452163696289,"z":-1.544012427330017},"rotation":{"x":0.28409427404403689,"y":-0.05863731727004051,"z":0.017411351203918458,"w":0.9568699598312378},"size":5.394629955291748,"orthographic":false}