{"cameraMode":{"drawMode":0,"name":"Shaded","section":"Shading Mode"},"sceneLighting":false,"audioPlay":false,"sceneViewState":{"showFog":true,"showMaterialUpdate":false,"showSkybox":false,"showFlares":true,"showImageEffects":true,"showParticleSystems":true},"in2DMode":false,"pivot":{"x":1.2290698289871216,"y":12.575919151306153,"z":-6.5694684982299809},"rotation":{"x":0.378121942281723,"y":-0.04330722242593765,"z":0.017710380256175996,"w":0.9245867133140564},"size":0.6374861598014832,"orthographic":false}