{"cameraMode":{"drawMode":0,"name":"Shaded","section":"Shading Mode"},"sceneLighting":false,"audioPlay":false,"sceneViewState":{"showFog":true,"showMaterialUpdate":false,"showSkybox":false,"showFlares":true,"showImageEffects":true,"showParticleSystems":true},"in2DMode":false,"pivot":{"x":2.6433773040771486,"y":12.617634773254395,"z":-9.629999160766602},"rotation":{"x":0.36848416924476626,"y":-0.11971249431371689,"z":0.04791788011789322,"w":0.9206687808036804},"size":1.4696955680847169,"orthographic":false}