{"cameraMode":{"drawMode":0,"name":"Shaded","section":"Shading Mode"},"sceneLighting":true,"audioPlay":false,"sceneViewState":{"showFog":true,"showMaterialUpdate":false,"showSkybox":true,"showFlares":true,"showImageEffects":true,"showParticleSystems":true},"in2DMode":false,"pivot":{"x":23.0926513671875,"y":-23.985336303710939,"z":30.31711196899414},"rotation":{"x":0.31747132539749148,"y":0.09113242477178574,"z":-0.03065456822514534,"w":0.9434107542037964},"size":33.75091552734375,"orthographic":false}