{"cameraMode":{"drawMode":0,"name":"Shaded","section":"Shading Mode"},"sceneLighting":true,"audioPlay":false,"sceneViewState":{"showFog":true,"showMaterialUpdate":false,"showSkybox":true,"showFlares":true,"showImageEffects":true,"showParticleSystems":true},"in2DMode":false,"pivot":{"x":-2.8074722290039064,"y":2.5663952827453615,"z":11.339179992675782},"rotation":{"x":0.034741174429655078,"y":-0.14312489330768586,"z":0.00502812908962369,"w":0.9891066551208496},"size":6.042037487030029,"orthographic":false}